{"_step":2345,"train/layer_entropy/features/0":10.129178047180176,"train/probabilities/std":0.12589359283447266,"train/energy_factor":7.8544761099822605e+06,"train/punishment":3.868234052281527e+13,"train/prediction_entropy":1.3692718744277954,"_runtime":586.544962833,"train/energy":5.610340078558758e+06,"train/probabilities/mean":0.10000000894069672,"train/logits/std":4.6530855e+06,"eval/loss":5.643209712e+07,"train/layer_entropy/features/4":9.427414894104004,"train/layer_entropy/features/1":9.31717586517334,"train/accuracy":13.54166716337204,"epoch":5,"train/epoch_loss":2.2736247535050525e+06,"_timestamp":1.760980386581482e+09,"_wandb":{"runtime":586},"train/layer_entropy/classifier/4":2.3025848865509033,"train/loss":4.9248785e+06,"train/logits/mean":-752249.75,"train/layer_entropy/classifier/1":2.8899357318878174,"train/layer_entropy/features/5":8.405111312866211,"train/epoch_accuracy":9.856666666666666,"eval/accuracy":9.86,"train/network_entropy":7.078567028045654}