{"train/punishment":3.6533931162138287,"_wandb":{"runtime":4},"train/probabilities/mean":0.5,"train/layer_entropy/hidden_layers/2":1.8447976112365723,"train/layer_entropy/decoder":0.5641791820526123,"train/prediction_entropy":0.5825533866882324,"train/layer_entropy/hidden_layers/1":2.246206760406494,"_timestamp":1.7609891309343889e+09,"train/accuracy":48.4375,"train/layer_entropy/hidden_layers/0":2.2412972450256348,"train/energy_factor":4.365935786695043,"_step":38,"train/loss":0.8367949724197388,"train/probabilities/std":0.23159494996070862,"train/logits/mean":0.24743303656578064,"_runtime":4.489481292,"train/energy":3.118525561925031,"train/logits/std":0.501264750957489,"train/network_entropy":1.7241201400756836}