{"epoch":100,"train/logits/mean":100.84383392333984,"train/energy":497.0045197782264,"train/layer_entropy/hidden_layers/0":2.4849066734313965,"_step":6400,"train/prediction_entropy":0,"train/energy_factor":695.8063276895169,"train/layer_entropy/hidden_layers/1":2.4849064350128174,"train/punishment":193933.5054600498,"eval/loss":247.63604545593262,"train/accuracy":43.75,"train/network_entropy":1.9142765998840332,"train/loss":278.7176513671875,"eval/accuracy":50,"train/layer_entropy/decoder":0.6078521013259888,"train/probabilities/std":0.5019646286964417,"_runtime":504.440986333,"train/layer_entropy/hidden_layers/2":2.0794410705566406,"_wandb":{"runtime":504},"train/logits/std":248.72250366210938,"_timestamp":1.760985733783909e+09,"train/epoch_accuracy":50,"train/probabilities/mean":0.5,"train/epoch_loss":238.2886188030243}