{"train/layer_entropy/classifier/1":4.852027416229248,"train/epoch_accuracy":10.023333333333333,"train/logits/mean":-16.344106674194336,"train/layer_entropy/features/0":9.997376441955566,"train/logits/std":3.860696792602539,"train/accuracy":9.375,"_timestamp":1.760892012221631e+09,"train/probabilities/mean":0.10000000894069672,"_step":2345,"train/modules_tracked":4,"train/layer_entropy/features/1":9.32709789276123,"train/probabilities/std":0.00919133797287941,"train/epoch_loss":2.307399095026652,"train/mean_step_scale":1.1062500476837158,"train/layer_entropy/features/5":8.570584297180176,"eval/accuracy":10,"train/loss":2.3164608478546143,"_runtime":149.732479416,"train/network_entropy":7.403738498687744,"train/avg_signal":1507.4482460021973,"epoch":5,"train/mass_entropy":5.516813397407532,"train/layer_entropy/features/4":9.372776985168457,"eval/loss":2.3040039680480957,"_wandb":{"runtime":149},"train/layer_entropy/classifier/4":2.3025689125061035,"train/prediction_entropy":2.298370122909546}