{"train/epoch_loss":0.6931471824645996,"train/probabilities/std":9.724963092594407e-07,"_wandb":{"runtime":459},"epoch":96,"train/layer_entropy/hidden_layers/2":2.0794413089752197,"eval/accuracy":50,"train/epoch_accuracy":50,"eval/loss":0.6931471824645996,"train/probabilities/mean":0.5,"_runtime":459.138697334,"_timestamp":1.760985205498533e+09,"train/layer_entropy/hidden_layers/0":2.4848358631134033,"train/loss":0.6931471824645996,"train/energy_factor":9.309728401830915,"train/punishment":6.453012011239759,"train/layer_entropy/hidden_layers/1":2.4849066734313965,"train/network_entropy":1.9355827569961548,"_step":6180,"train/layer_entropy/decoder":0.6931471824645996,"train/energy":6.649806001307797,"train/logits/mean":-46.23491668701172,"train/logits/std":2.707997055040323e-06,"train/accuracy":50,"train/prediction_entropy":0.6931471824645996}