{"_wandb":{"runtime":220},"_runtime":220.555283417,"train/epoch_loss":3.096923182408015,"train/epoch_accuracy":89.84375,"eval/loss":2.8513348329579458,"eval/accuracy":90.625,"_timestamp":1.760993281011701e+09,"_step":9099}