{"_wandb":{"runtime":151},"_timestamp":1.7608915864653518e+09,"train/logits/mean":-0.04914432018995285,"epoch":4,"eval/accuracy":10,"train/prediction_entropy":2.294675588607788,"train/loss":2.305579900741577,"train/layer_entropy/features/4":9.077183723449707,"train/layer_entropy/classifier/4":2.107727527618408,"train/layer_entropy/features/0":9.840182304382324,"_step":2027,"train/modules_tracked":6,"train/layer_entropy/features/1":9.306971549987793,"train/logits/std":0.12673600018024445,"train/accuracy":10.15625,"_runtime":151.193838084,"train/mean_step_scale":1.0984375476837158,"train/probabilities/mean":0.10000000149011612,"train/network_entropy":7.197412014007568,"train/mass_entropy":3.4926143487294516,"train/layer_entropy/features/5":8.532442092895508,"train/probabilities/std":0.012740333564579487,"train/layer_entropy/classifier/1":4.319963455200195,"train/epoch_loss":2.309232603963216,"train/epoch_accuracy":10.245,"train/avg_signal":4,"eval/loss":2.30969017868042}