{"train/layer_entropy/decoder":0.6196815967559814,"train/layer_entropy/hidden_layers/2":2.079441547393799,"_timestamp":1.760989420015315e+09,"train/layer_entropy/hidden_layers/1":2.4849066734313965,"train/energy_factor":760.8469198974174,"train/punishment":212865.7101784057,"eval/loss":285.6097707748413,"train/logits/std":272.3626403808594,"train/layer_entropy/hidden_layers/0":2.4849066734313965,"train/network_entropy":1.917234182357788,"train/logits/mean":-102.69792938232422,"train/probabilities/mean":0.5,"train/loss":279.7746887207031,"train/accuracy":48.4375,"eval/accuracy":50,"train/epoch_loss":297.41245222091675,"_wandb":{"runtime":243},"train/energy":543.4620856410124,"epoch":50,"_step":3255,"_runtime":243.38784775,"train/epoch_accuracy":50,"train/probabilities/std":0.5019646286964417,"train/prediction_entropy":0}