{"train/layer_entropy/hidden_layers/2":2.0794413089752197,"train/loss":310.8166198730469,"_runtime":245.359108834,"train/energy_factor":798.2178325096581,"train/layer_entropy/hidden_layers/0":2.4849066734313965,"train/layer_entropy/hidden_layers/1":2.4849066734313965,"train/accuracy":45.3125,"train/epoch_loss":297.41245222091675,"eval/loss":285.6097707748413,"_timestamp":1.760989119792254e+09,"train/epoch_accuracy":50,"train/logits/mean":-102.72452545166016,"eval/accuracy":50,"train/probabilities/std":0.5019646286964417,"train/layer_entropy/decoder":0.6263092756271362,"epoch":50,"_wandb":{"runtime":245},"_step":3208,"train/network_entropy":1.9188910722732544,"train/energy":570.1555946497558,"train/prediction_entropy":0,"train/logits/std":285.29180908203125,"train/punishment":248099.3686230418,"train/probabilities/mean":0.5}