{"train/loss":36.802730560302734,"train/energy":145.50944483362582,"train/layer_entropy/hidden_layers/1":2.48411226272583,"epoch":12,"train/prediction_entropy":9.817181248921903e-35,"train/logits/mean":9.987642288208008,"_wandb":{"runtime":54},"train/epoch_loss":35.701055973768234,"train/network_entropy":1.9086220264434814,"train/layer_entropy/hidden_layers/0":2.412022590637207,"train/layer_entropy/hidden_layers/2":2.0757622718811035,"train/probabilities/std":0.5019646286964417,"train/layer_entropy/decoder":0.6625911593437195,"eval/accuracy":50,"train/logits/std":40.76947784423828,"train/probabilities/mean":0.5,"_step":768,"eval/loss":40.9746470451355,"train/punishment":7497.202849067631,"train/accuracy":54.6875,"_timestamp":1.76098473587645e+09,"train/epoch_accuracy":50,"train/energy_factor":203.71322276707613,"_runtime":54.81991375}