{"train/energy":35.274933011771026,"eval/accuracy":50,"train/epoch_accuracy":51.513671875,"train/loss":0.7052123546600342,"eval/loss":0.698671218007803,"train/energy_factor":49.384906216479436,"train/epoch_loss":0.6927537946030498,"_step":768,"train/punishment":34.82684599758842,"epoch":12,"train/layer_entropy/network/0":4.059247016906738,"train/probabilities/mean":0.5,"_wandb":{"runtime":55},"train/accuracy":46.875,"train/layer_entropy/network/2":3.4301700592041016,"train/layer_entropy/network/4":0.6931408047676086,"train/logits/std":0.1054140254855156,"train/prediction_entropy":0.6876647472381592,"train/network_entropy":2.7275192737579346,"train/probabilities/std":0.05251416936516762,"train/logits/mean":-29.390995025634766,"_timestamp":1.7609846445903518e+09,"_runtime":55.780745792}