{"eval/loss":2.9320863441971596,"_wandb":{"runtime":125},"_runtime":125.114328041,"eval/accuracy":90.234375,"_timestamp":1.760993010312122e+09,"_step":8749,"train/epoch_loss":2.5854558024717416,"train/epoch_accuracy":91.16847826086956}