{"train/prediction_entropy":0.011027917265892029,"train/cofire_entropy":10.531473477681478,"train/logits/mean":1650.526123046875,"train/epoch_accuracy":9.956666666666667,"train/epoch_loss":82.60939021809895,"_wandb":{"runtime":64},"train/layer_entropy/network/0":5.941545009613037,"train/probabilities/std":0.29902592301368713,"_runtime":64.324293,"train/logits/std":168.33224487304688,"train/loss":91.558349609375,"train/network_entropy":4.596195697784424,"epoch":5,"eval/loss":92.92126287841796,"_step":2345,"eval/accuracy":10,"train/layer_entropy/network/6":2.301990032196045,"train/probabilities/mean":0.10000000894069672,"train/accuracy":12.5,"train/clamp_ratio":0.7387130462724936,"_timestamp":1.7608916635769129e+09,"train/layer_entropy/network/3":5.545051574707031}