{"train/layer_entropy/decoder":0.6577454805374146,"_step":6400,"train/logits/std":220.7222442626953,"eval/loss":219.7856674194336,"eval/accuracy":50,"train/punishment":153147.89812948756,"_timestamp":1.760990476712328e+09,"train/epoch_loss":210.13271379470825,"_wandb":{"runtime":453},"_runtime":453.975366458,"epoch":100,"train/network_entropy":1.9267500638961792,"train/energy":442.27002199686314,"train/accuracy":43.75,"train/layer_entropy/hidden_layers/1":2.4849066734313965,"train/loss":247.3406524658203,"train/energy_factor":619.1780307956084,"train/prediction_entropy":0,"train/epoch_accuracy":50,"train/probabilities/mean":0.5,"train/layer_entropy/hidden_layers/2":2.079441547393799,"train/layer_entropy/hidden_layers/0":2.4849066734313965,"train/logits/mean":58.15400695800781,"train/probabilities/std":0.5019646286964417}