{"train/logits/std":446.55889892578125,"train/loss":486.51214599609375,"train/probabilities/mean":0.5,"train/energy_factor":1249.6161633096663,"_timestamp":1.760989652260113e+09,"train/epoch_accuracy":50,"train/network_entropy":1.9354076385498047,"eval/accuracy":50,"_runtime":226.392815917,"train/layer_entropy/hidden_layers/0":2.4847187995910645,"train/accuracy":45.3125,"train/logits/mean":15.167572021484375,"train/epoch_loss":421.88727378845215,"train/layer_entropy/hidden_layers/1":2.484905242919922,"train/energy":892.5829737926188,"_step":2907,"eval/loss":433.40917778015137,"train/layer_entropy/decoder":0.6925656795501709,"train/punishment":607953.4412831909,"epoch":45,"train/prediction_entropy":0,"_wandb":{"runtime":226},"train/probabilities/std":0.5019646286964417,"train/layer_entropy/hidden_layers/2":2.0794405937194824}