{"_runtime":171.643270834,"_step":2345,"train/prediction_entropy":2.3023808002471924,"train/modules_tracked":6,"train/layer_entropy/classifier/4":2.1149723529815674,"eval/accuracy":8.77,"train/probabilities/mean":0.10000001639127731,"train/avg_signal":1.6666666269302368,"train/layer_entropy/features/0":9.842934608459473,"_timestamp":1.7608897608231401e+09,"train/layer_entropy/features/4":9.113871574401855,"train/epoch_loss":2.3016519563039144,"train/layer_entropy/classifier/1":4.309548854827881,"epoch":5,"train/mass_entropy":3.501668135325114,"train/loss":2.3029706478118896,"train/network_entropy":7.2028632164001465,"train/epoch_accuracy":9.926666666666668,"train/accuracy":14.58333283662796,"train/logits/std":0.02062389627099037,"train/probabilities/std":0.002026508329436183,"_wandb":{"runtime":171},"eval/loss":2.3015305782318114,"train/layer_entropy/features/5":8.522534370422363,"train/layer_entropy/features/1":9.313316345214844,"train/logits/mean":-0.00687795877456665,"train/mean_step_scale":0.890625}