{"eval/accuracy":10.43,"train/layer_entropy/features/5":8.524627685546875,"train/epoch_loss":2.3023208038330076,"train/layer_entropy/classifier/4":2.076643228530884,"train/layer_entropy/classifier/1":3.8823082447052,"train/probabilities/mean":0.10000000894069672,"train/loss":2.3031272888183594,"train/mass_entropy":3.3408783674240112,"_timestamp":1.760890093231404e+09,"_wandb":{"runtime":168},"train/network_entropy":7.110722064971924,"train/layer_entropy/features/4":9.051941871643066,"train/prediction_entropy":2.302565336227417,"train/mean_step_scale":0.875,"train/probabilities/std":0.0006309279706329107,"train/epoch_accuracy":10.54,"train/avg_signal":1.6666666666666667,"epoch":5,"train/logits/std":0.006473303306847811,"train/modules_tracked":6,"train/logits/mean":-0.0009500599117018282,"_runtime":168.181485958,"train/layer_entropy/features/0":9.831582069396973,"train/layer_entropy/features/1":9.297231674194336,"train/accuracy":16.66666716337204,"eval/loss":2.3020126693725587,"_step":2345}